title,description,pubdate
"BBC mistaken to suspend Gary Lineker, ex-director general says","Greg Dyke says the BBC has undermined its credibility, as presenters and pundits pull out of football coverage.","Sat, 11 Mar 2023 11:11:24 GMT"
Gary Lineker: The tweet row explained in under 90 seconds,The BBC says the presenter will step back from Match of the Day until an agreement on his social media use.,"Fri, 10 Mar 2023 23:57:13 GMT"
Manchester Arena: Ex-bomb suspect regained citizenship in MI5 U-turn,Security services no longer suspect Mohammed Soliman helped plan the Manchester Arena attack.,"Sat, 11 Mar 2023 00:44:49 GMT"
Silicon Valley Bank: Regulators take over as failure raises fears,Regulators take over Silicon Valley Bank as the collapse raises wider fears about the banking sector.,"Sat, 11 Mar 2023 04:59:16 GMT"
Jeremy Hunt: Why the chancellor wants this Budget to be boring,The main aim of Wednesday's Budget will be to keep the economy and household finances stable.,"Sat, 11 Mar 2023 00:08:13 GMT"
Hemsby: Cliff-top homes due to be demolished as collapse risk grows,Homeowners say their hopes and dreams have been destroyed as their houses are set to be demolished.,"Sat, 11 Mar 2023 12:14:01 GMT"
Fears of a hidden rise in Roma children in care,"Court cases show families in acute need, but unable to access benefits due to lack of settled status.","Sat, 11 Mar 2023 08:28:56 GMT"
Has Putin’s assault on Ukraine’s power grid failed?,"For 22 days Ukraine went without power cuts, and there are hopes Russia's strikes are losing momentum.","Sat, 11 Mar 2023 00:00:04 GMT"
Chris Mason: Can Sunak-Macron bromance help stop the boats?,The PM is staking his reputation on resolving the issue of migrants crossing the Channel.,"Fri, 10 Mar 2023 23:17:35 GMT"
Premature births: Baby born at 22 weeks survives against odds,Imogen was born just days after her mother hosted a gender reveal party and was rushed to hospital.,"Sat, 11 Mar 2023 07:19:03 GMT"
Olympic sponsors urged to back ban on Russia athletes,Culture Secretary Lucy Frazer writes to Olympic sponsors asking them to support a ban on Russian and Belarussian athletes competing at the 2024 Paris Games.,"Sat, 11 Mar 2023 00:04:57 GMT"
"Homeless children: Living with trauma, tears and tiredness","Homeless children speak about life in cramped temporary accommodation, and the fear of constant moving.","Sat, 11 Mar 2023 01:35:52 GMT"
Mortgages: What happens if I miss a payment?,"Homeowners are worried about higher mortgage costs, but lenders must help those struggling.","Thu, 02 Feb 2023 13:58:06 GMT"
Why is childcare so expensive and what help is available?,"As many parents across the country struggle with rising childcare costs, why is it so expensive?","Thu, 09 Mar 2023 01:11:47 GMT"
Cost of living: What do I do if I can't afford to pay my debts?,What help and options are available to people struggling with debt repayments?,"Wed, 08 Mar 2023 21:44:22 GMT"
Energy saving tips: Five ways to cut costs this winter,"With winter weather here and energy prices up, here are some ways to save money on your bills.","Mon, 12 Dec 2022 03:08:52 GMT"
"Budget 2023: 'My energy bills have doubled to £3,000 in a year'",A florist in Slough warned now is not the time to scale back support with energy bills.,"Wed, 08 Mar 2023 17:39:02 GMT"
Five ways to save money on train tickets,"As rail fares increase, we find the ways passengers can keep journeys as cheap as possible.","Wed, 08 Mar 2023 13:33:54 GMT"
Cold weather: What does an unheated room do to your body?,The BBC's health and science correspondent undergoes an experiment to find out how a cold home affects him.,"Sat, 19 Nov 2022 01:11:29 GMT"
Cost of living: 'I skip university lectures to do paid work instead',Heidi is one of many students who say the rising cost of living is affecting their studies.,"Mon, 06 Mar 2023 00:12:04 GMT"
Money Diary: ‘I saved £19 on my bills this week’,"Ruth, a 33-year-old jewellery designer from Birmingham, shares her weekly spending diary.","Wed, 08 Mar 2023 01:00:08 GMT"
Cost of living: The care leavers struggling to find university accommodation,Uni students who are estranged from their families say they often struggle to get a rent guarantor.,"Wed, 08 Mar 2023 09:19:13 GMT"
Always-available veg recipes you can rely on through shortages,"If the limited veg availability has left your meal plans looking shaky, here are some ideas for reliable, always plentiful and simple to prep vegetables to fall back on.","Fri, 03 Mar 2023 14:12:09 GMT"
"Money Diary: 'My DJ gigs bring in £3,000 a month'","Aaron, a 33-year-old DJ from east London, shares his weekly spending diary.","Wed, 01 Mar 2023 09:59:03 GMT"
Renting: Tenants seek 'bills included’ homes as energy costs rise,"The phrase ""bills included"" rises up the list of renters' search terms, but few landlords offer it.","Fri, 03 Mar 2023 00:01:26 GMT"
Cost-of-living crisis: 'I lived on tea and coffee for a week',"As the government's energy support ends, we talk to those who are struggling with costs.","Wed, 01 Mar 2023 10:12:00 GMT"
Is it cheaper to study in a coffee shop or at home?,"As prices rise, are there cheaper places than home to work or study?","Fri, 24 Feb 2023 01:08:24 GMT"
What is the UK inflation rate and why is the cost of living rising?,"The rate at which prices are rising has fallen slightly, but inflation remains near a 40-year high.","Wed, 15 Feb 2023 08:26:29 GMT"
Florida's battle over how race is taught in schools,"As Republicans ban ""woke ideology"" in classrooms, some teachers warn of a chilling effect on debate.","Sat, 11 Mar 2023 01:56:54 GMT"
Week in pictures: 4 - 10 March,"A selection of striking images from all over the globe, taken in the past seven days.","Sat, 11 Mar 2023 00:14:34 GMT"
The Last of Us: What to expect from series two,What will happen to Ellie and Joel after the first series? The original video game offers some clues.,"Sat, 11 Mar 2023 00:15:49 GMT"
The Wild West-style ghost town hidden in an alley,Most locals have not even heard of the Wild West in Edinburgh's Morningside.,"Sat, 11 Mar 2023 10:06:05 GMT"
Can Australia curb its killer cats?,Free-roaming felines kill billions of native animals and pose a huge threat to endangered species.,"Sat, 11 Mar 2023 00:17:28 GMT"
Campaigners slam government river bathing decision,Just one river included in government's proposal for new designated swimming sites,"Fri, 10 Mar 2023 18:51:01 GMT"
"The chef, the model and Rishi's missing millions",The inside story of Britain’s biggest Bounce Back Loan fraud - £10m stolen by one criminal gang.,"Fri, 10 Mar 2023 18:04:47 GMT"
Mexico kidnapping: A twisted moral code explains cartel's apology,Mexico's criminal gangs adopt a warped code of ethics - and the kidnap of Americans broke the rules.,"Fri, 10 Mar 2023 22:08:17 GMT"
Six Nations 2023: England v France - five key battles at Twickenham,BBC Sport looks at five key head-to-head battles as England aim to keep their Six Nations title hopes alive with victory over France.,"Sat, 11 Mar 2023 06:58:44 GMT"
Tyson Fury v Oleksandr Usyk: WBA says 'agreement' reached before Friday deadline,"The World Boxing Association says it has received confirmation of an ""agreement"" between Tyson Fury and Oleksandr Usyk's teams for their undisputed heavyweight fight.","Sat, 11 Mar 2023 07:33:17 GMT"
Six Nations 2023: Wales aim to avoid new world low in Rome against Italy,Struggling Wales are aiming to avoid a new low in the world rankings when they face Italy in the Six Nations in Rome on Saturday.,"Fri, 10 Mar 2023 22:47:51 GMT"
"John McGinn: Aston Villa & Scotland midfielder on netball, Henrik Larsson & Jack Grealish","Aston Villa and Scotland midfielder John McGinn opens up on his love of netball, Henrik Larsson and Jack Grealish.","Sat, 11 Mar 2023 08:39:32 GMT"
BBC and Gary Lineker: Tweets decision comes at high price for BBC,One of the BBC's best loved presenters has been taken off air due to an impartiality row.,"Fri, 10 Mar 2023 23:34:43 GMT"
Football star who became a Saturday TV fixture,The ex-England player is one of the most recognisable figures associated with the BBC.,"Fri, 10 Mar 2023 17:54:02 GMT"
BBC Director General Tim Davie quizzed on Lineker row,The Match of the Day host will not host the show until an agreement is reached on how he uses social media.,"Fri, 10 Mar 2023 20:19:53 GMT"
Lineker pulled from Match of the Day presenting,The BBC took the decision after an impartiality row over his criticism of the government's asylum plans.,"Fri, 10 Mar 2023 21:31:03 GMT"
